<!DOCTYPE suite SYSTEM "http://testng.org/testng-1.0.dtd" >

<suite name="regressionSuiteMrrexMobile">
    <test name="regressionTestMrrexMobile" >
        <parameter name="url" value="https://www.mrrex.com/"></parameter>
        <parameter name="baseUrl" value="mrrex.com/"></parameter>
        <parameter name="login" value="fornaldy@mailinator.com"></parameter>
        <parameter name="password" value="BeDug_44"></parameter>
        <classes>
            <class name="GameSearchTests"/>
            <class name="LogoClickTests" />
            <class name="FooterIconsTests"/>
            <class name="InnerPagesTests"/>
            <class name="CategoriesTests"/>
            <class name="BannersTests"/>
            <class name="MoreGamesButtonTests" />
            <class name="PromotionsTests" />
            <class name="ChatTests"/>
            <class name="LoginTests"/>
            <class name="CookiePolicyTests"/>
            <class name="SideMenuTests"/>
            <class name="PlayGameTests"/>
            <class name="RegistrationTests" />
        </classes>
    </test>
</suite>
